,productid,product_name,brand_name,event_date_of_launch,country_of_launch,market_category,market_subcategory,Company,uhc,nutrition,standard_serving_size,energy_kcal,protein,fat, Fiber_DietaryFiber,Fat,Fiber,Protein,Moisture,Ash,Calories
0,7955531,Hills Prescription Diet Cd Multicare Plus Metabolic Dry Pet Food With Chicken Flavor For Cats,Prescription Diet,2022-01-04,United States,Pet Food,Cat Food - Dry,Hills Pet Nutrition,Colgate Palmolive,"serving size: 1.00kg, fat: 12%, sodium: 0.35%, potassium: 0.86%, crude fiber: 13.4%, protein: 38.80%, carbohydrate / nfe: 30.60%, calcium: 0.71%, phosphorus: 0.62%, magnesium: 0.07%, taurine: 0.43%, vitamin c: 5.00ppm, vitamin e: 725.00iu, total omega-3 fatty acids: 1.30%, total omega-6 fatty acids: 3.49%",1000.0,,0.0,0.0,,12,13.4,38.80,,,
1,4973587,Pureluxe Grain Free Holistic Elite Nutrition For Adult Cats Made With Fresh Turkey,Pureluxe,2018-01-04,United States,Pet Food,Cat Food - Dry,Pureluxe,Pureluxe,"vitaminemg: 80iu, taurine(g/mg): 1200mg, glucosamine(g/mg): 700mg, chondroitin(g/mg): 600mg, l-carnitine(g/mg): 140mg, totallactic acidmicroorganisms(g/mg): 80million cfu, calcium: 1.2%, crudeprotein: 32%, crudefat: 14%, crudefiber: 5%, moisture: 10%, sodium carbonate (ash): 8%, phosphorus: 1%, magnesium: 0.15%, dha: 0.12%, omega-6fattyacids: 3%, omega-3fattyacids: 1%, epa: 0.08%",,,,,,1,5,32,10,8,
2,5998993,O Paws Beef Tripe Rounds For Pets,O Paws,2019-01-08,United States,Pet Food,Dog Snacks/Treats,Omas Pride,Omas Pride,"crudeprotein: 38%, crudefat: 45%, crudefiber: 3%, moisture: 5%",,,,,,45,3,38,5,,
3,8089953,Justfoodfordogs Metabolic Support Complete Meal For Dogs,Just Food For Dogs,2022-01-06,United States,Pet Food,Dog Food - Wet,Just Food For Dogs,Just Food For Dogs,"serving size: 1.00kg, total calories: 1100.00kcal, crude fiber: 1.50%, moisture: 77.00%, crude protein: 9.50%, crude fat: 3.00%",1000.0,110000.0,,,,3.00,1.50,9.50,77.00,,1100.00
4,7631985,"Solid Gold Sunday Everyday Nutrition Lamb, Sweet Potato And Pea Recipe Dry Pet Food For Adult Dogs",Solid Gold,2021-01-12,United States,Pet Food,Dog Food - Dry,Soid Gold Pet,Health And Happiness Group,"per serving size: 1kg, energy kj: 14644kj, energy kcal: 3500kcal, crude fat: 12%, crude fiber: 4%, crude protein: 22%, dha: 0.02%, moisture: 10%, totalmicroorganisms(g/mg): 200thousand cfu, vitamin c (g/mg): 100mg, vitamin  e(g/mg): 100iu, omega - 3 fatty acids: 0.1%, omega-6 fatty  acids: 1%",100.0,350.0,,,,12,4,22,10,,
5,5954712,Purina Beneful Incredibites With Real Chicken Dry Dog Food,Purina Beneful,2019-01-07,United States,Pet Food,Dog Food - Dry,Nestle Purina,Nestle,"total calories: 3631kcal, vitaminamg: 12500iu, selenium(g/mg): 0.35mg, vitaminemg: 150iu, calcium: 1.1%, crudeprotein: 26%, crudefat: 13.5%, crudefiber: 4%, moisture: 14%",,3631.0,,,,13.5,4,26,14,,3631
6,5251781,Sport Dog Food Active Series Tracking Dog Buffalo And Oatmeal Formula Pea Free Dry Dog Food,Sport Dog Food,2018-01-08,United States,Pet Food,Dog Food - Dry,Sport Dog Food,Sport Dog Food,"total calories: 3846kcal, crudeprotein: 30%, crudefat: 20%, crudefiber: 3.3%, moisture: 9%",,3846.0,,,,20,3.3,30,9,,3846
7,6816566,Iams Protective Health High Protein Premium Dog Food With Real Chicken And Turkey Flavors,Iams,2020-01-09,United States,Pet Food,Dog Food - Dry,Mars,Mars,"calcium: 1.20%, crudefat: 18.0%, crude fiber: 5.0%, l -carnitine(g/mg): 30.0mg, crudeprotein: 30.0%, moisture: 9.0%, omega3fattyacid: 0.250%, omega 6 fatty acid: 2.50%, phosphorus: 0.80%",,,,,,0.250,5.0,30.0,9.0,,
8,4511529,Purina Bella Pampered Meals Inspired By Small Dogs With Grilled Top Sirloin Flavor In Savory Juices,Bella,2018-01-02,United States,Pet Food,Dog Food - Wet,Nestle Purina,Nestle,"total calories: 876kcal, moisture: 82%, crudeprotein: 8%, crudefat: 3.5%, crudefiber: 1%",,876.0,,,,3.5,1,8,82,,876
9,7040086,Purina Bella Morsels In Sauce Roasted Turkey Flavor With Pumpkin And Spinach Natural Dog Food,Bella,2020-01-12,United States,Pet Food,Dog Food - Wet,Nestle Purina,Nestle,"total calories: 981kcal, crude protein: 11%, crude fat: 2%, crude fiber: 1%, moisture: 78%",,981.0,,,,2,1,11,78,,981
10,7965372,Hills Prescription Diet Metabolic Weight Management Vegetable And Chicken Stew Wet Pet Food For Cats,Prescription Diet,2022-01-04,United States,Pet Food,Cat Food - Wet,Hills Pet Nutrition,Colgate Palmolive,"per serving size: 82g, total calories: 64kcal, protein: 38%, calcium: 1.02%, fat: 12.9%, potassium: 0.89%, sodium: 0.43%, vitamin c (g/mg): 155ppm, total carbohydrate: 33.5%, crude fiber: 9%, phosphorus: 0.71%, magnesium: 0.086%, taurine: 0.33%, vitamin  e(g/mg): 1121iu, carnitine(g/mg): 881.2ppm, total omega 3 fatty acids: 1.41%, totalomega 6 fatty acids: 2.25%",100.0,78.05,,,,12.9,9,38,,,64
11,5262917,Merrick Purrfect Bistro Complete Care Grain Free Sensitive Stomach Recipe Dry Cat Food: Real Chicken And Sweet Potato Recipe,Merrick,2018-01-08,United States,Pet Food,Cat Food - Dry,Merrick Pet Care,Nestle,"vitaminemg: 60iu, bacilluscoagulans(g/mg): 90million cfu, selenium(g/mg): 0.3mg, phosphorus: 0.8%, omega-6fattyacids: 3%, omega-3fattyacids: 0.6%, crudeprotein: 34%, crudefat: 16%, crudefiber: 2.5%, moisture: 11%, calcium: 1%, taurine: 0.2%",,,,,,16,2.5,34,11,,
12,5406439,Hill's Prescription Diet Metabolic And Urinary Dry Dog Food With Chicken Flavor,Prescription Diet,2018-01-11,United States,Pet Food,Dog Food - Dry,Hills Pet Nutrition,Colgate Palmolive,"total calories: 3170kcal, vitamincmg: 6ppm, carnitine(g/mg): 330ppm, vitaminemg: 940iu, protein: 27.5%, fat: 12.5%, potassium: 0.67%, sodium: 0.28%, carbohydrate: 40.4%, crudefiber: 15%, magnesium: 0.081%, phosphorus: 0.45%, totalomega-3fattyacids: 96%",,3170.0,,,,96,15,27.5,,,3170
13,7439434,Pure Balance Pro Plus Veterinarian Formulate Weight Management Dog Food: Chicken And Oatmeal Recipe,Pure Balance,2021-01-06,United States,Pet Food,Dog Food - Dry,Walmart,Walmart,"serving size: 1.00kg, vitamin a: 5000.00iu, calcium: 1.00%, phosphorus: 0.80%, crude protein: 24.50%, crude fat: 7.00%, crude fiber: 10.00%, moisture: 10.00%, zinc: 100.00mg, selenium: 0.35mg, vitamin e: 50.00iu, omega - 6 fatty acids: 1.50%, omega - 3 fatty acids: 0.20%, taurine: 0.10%, glucosamine: 300.00mg, l - carnitine: 100.00mg",1000.0,,,,,7.00,10.00,24.50,10.00,,
14,5322184,"Authority All Life Stages Turkey, Pea, Duck And Salmon Formula Grain Free And High Performance Dry Dog Food",Authority,2018-01-10,United States,Pet Food,Dog Food - Dry,Petsmart,Argos,"total calories: 3899kcal, vitaminamg: 15000iu, zinc(g/mg): 175mg, selenium(g/mg): 0.35mg, glucosamine(g/mg): 300mg, chondroitinsulfate(g/mg): 200mg, vitaminemg: 150iu, l-carnitine(g/mg): 70mg, calcium: 1.2%, phosphorus: 1%, crudeprotein: 30%, crudefat: 20%, crudefiber: 6%, moisture: 10%, linoleic acid: 2.5%, docosahexaenoicacid(dha): 0.1%, omega-6fattyacids: 2.5%, omega-3fattyacids: 0.5%",,3899.0,,,,0.5,6,30,10,,3899
15,4994671,Nutri Vet Multi Vite Paw-Gel Salmon For Cats With Salmon Flavor,Nutri Vet,2018-01-04,United States,Pet Food,Cat Snacks/Treats,Nutri Vet Wellness,Manna Pro Products,"per serving size: 6g, sodium(g/mg): 1.01mg, potassium(g/mg): 0.15mg, vitamin   a(g/mg): 734iu, calcium(g/mg): 0.16mg, iron(g/mg): 0.53mg, chloride(g/mg): 0.33mg, copper(g/mg): 10mcg, crude fat(g/mg): 0, crude fat: 26%, crude fiber(g/mg): 0, crude fiber: 6.7%, crude protein(g/mg): 0, crude protein: 0.8%, folic acid(g/mg): 0.19mg, iodine(g/mg): 0.48mg, magnesium(g/mg): 0.38mg, manganese(g/mg): 0.95mg, moisture(g/mg): 0, moisture: 45%, niacin(g/mg): 1.9mg, pantothenic   acid(g/mg): 1.74mg, phosphorus(g/mg): 0.02mg, vitamin b 1 (thiamine)(g/mg): 1.52mg, vitamin  b12(g/mg): 6mcg, vitamin b2(riboflavin)(g/mg): 2.5mcg, vitamin   b6(g/mg): 0.73mg, vitamin c (g/mg): 1.5mg, vitamin d(g/mg): 55iu, vitamin  e(g/mg): 30iu, zinc(g/mg): 10mcg, omega - 3 fatty acids(g/mg): 3.5mg",100.0,,,,,26,6.7,0.8,45,,
16,5248286,Sport Dog Food K 9 Series Project K 9 Hero Multiple Protein Formula Dry Dog Food,Sport Dog Food,2018-01-07,United States,Pet Food,Dog Food - Dry,Sport Dog Food,Sport Dog Food,"total calories: 3830kcal, crudeprotein: 30%, crudefat: 22%, crudefiber: 2.6%, moisture: 9%",,3830.0,,,,22,2.6,30,9,,3830
17,7634520,Whole Earth Farms Healthy Grains Chicken And Rice Recipe Dry Pet Food For Large Breed Dogs,Whole Earth Farms,2021-01-12,United States,Pet Food,Dog Food - Dry,Merrick Pet Care,Nestle,"per serving size: 1kg, total calories: 3549kcal, crude fat: 14%, crude protein: 24%, crude fiber: 4.5%, moisture: 11%, vitamin  e(g/mg): 70iu, taurine: 0.12%, omega-3fattyacid: 0.2%, omega-6 fatty acid: 2%, l- carnitine(g/mg): 100mg, glucosamine(g/mg): 700mg, chondroitin sulfate(g/mg): 300mg",100.0,354.9,,,,0.2,4.5,24,11,,3549
18,6926847,Dr Harveys Specialty Diet Healthy Weight Naturally Boosts Canine Metabolism Chicken Recipe Food For Adult Dogs,Dr Harveys,2020-01-12,United States,Pet Food,Dog Food - Dry,Dr Harveys,Dr Harveys,"crudeprotein: 19%, crude fat: 9%, crude fiber: 8%, moisture: 11%",,,,,,9,8,19,11,,
19,5247597,Sport Dog Food Active Series Cub Buffalo And Oatmeal Formula Pea Free Dry Dog Food,Sport Dog Food,2018-01-07,United States,Pet Food,Dog Food - Dry,Sport Dog Food,Sport Dog Food,"total calories: 3845kcal, moisture: 9%, crudeprotein: 30%, crudefat: 20%, crudefiber: 3.3%",,3845.0,,,,20,3.3,30,9,,3845
20,7040016,Purina Bella Morsels In Sauce Rotisserie Chicken Flavor With Carrots And Tomatoes Natural Dog Food,Bella,2020-01-12,United States,Pet Food,Dog Food - Wet,Nestle Purina,Nestle,"total calories: 975kcal, crude protein: 11%, crude fat: 2%, crude fiber: 1%, moisture: 78%",,975.0,,,,2,1,11,78,,975
21,4511487,Purina Bella Pampered Meals Inspired By Small Dogs With Chicken And Liver In Savory Juices,Bella,2018-01-02,United States,Pet Food,Dog Food - Wet,Nestle Purina,Nestle,"total calories: 876kcal, moisture: 82%, crudeprotein: 8%, crudefat: 3.5%, crudefiber: 1%",,876.0,,,,3.5,1,8,82,,876
22,8386346,Dr Garys Best Breed Holistic Senior Dog Nutrition With The Great Taste Of New Zealand Green Mussels,Best Breed,2022-01-11,United States,Pet Food,Dog Food - Dry,Best Breed,Best Breed,"serving size: 1kg, crude fiber: 4.50%, sodium: 0.30%, crude protein: 21.00%, crude fat: 7.00%, moisture : 10.00%, calcium: 1.30%, phosphorus: 0.90%, ash: 5.80%, potassium: 0.60%, magnesium: 0.10%, zinc: 220.00mg, manganese: 65.00mg, iron: 245.00mg",1000.0,0.0,0.0,0.0,,7.00,4.50,21.00,10.00,5.80,
23,6149634,Merrick Purrfect Bistro Complete Care Weight Control Recipe Dry Cat Food,Merrick,2019-01-09,United States,Pet Food,Cat Food - Dry,Merrick Pet Care,Nestle,"bacilluscoagulans(g/mg): 90million cfu, l-carnitine(g/mg): 200mg, selenium(g/mg): 0.3mg, vitaminemg: 60iu, crudefat: 9%, crudefiber: 7%, crudeprotein: 32%, moisture: 11%, omega3fattyacids: 0.4%, omega6fattyacids: 2%, phosphorus: 0.8%, taurine: 0.2%",,,,,,2,7,32,11,,
24,5326607,Sport Dog Food Active Series Bird Dog Whitefish Formula Pea Free Flax Free Dry Dog Food,Sport Dog Food,2018-01-10,United States,Pet Food,Dog Food - Dry,Sport Dog Food,Sport Dog Food,"total calories: 495kcal, calcium: 1.49%, crudefat: 16%, sodium carbonate (ash): 7.68%, crudeprotein: 26%, crudefiber: 3.2%, moisture: 9%, animalprotein: 87%, phosphorus: 0.95%, linoleic(omega6): 2.57%, linolenic(omega3): 0.9%",,495.0,,,,16,3.2,87,9,7.68,495
25,5885354,Get Naked Premium Fitness Care Dog Treats With Chicken And Pumpkin Flavor,Get Naked Premium,2019-01-05,United States,Pet Food,Dog Snacks/Treats,Natural Polymer International Corporation,Natural Polymer International Corporation,"bascilluscoagulans(g/mg): 150million cfu, calcium: 0.3%, crudeprotein: 6.5%, dha: 0.35%, moisture: 15%, crudefiber: 9%, crudefat: 2.5%, total calories: 2750kcal, zinc(g/mg): 20mg, manganese(g/mg): 60mg, l-carnitine(g/mg): 450mg",,2750.0,,,,2.5,9,6.5,15,,2750
26,5614040,Halo Holistic Chicken And Chicken Liver Recipe For Senior Cats,Halo,2019-01-02,United States,Pet Food,Cat Food - Dry,Halo,Halo,"taurine: 10%, crudeprotein: 30%, crudefat: 10%, crudefiber: 5%, sodium carbonate (ash): 7.2%, total calories: 3520kcal, vitaminemg: 200iu, moisture: 10%, omega6fattyacids: 2.2%, omega3fattyacids: 0.7%",,3520.0,,,,0.7,5,30,10,7.2,3520
27,6218013,Because Animals Noochies Organic Cookies Dog Treats,Because Animals,2019-01-12,United States,Pet Food,Dog Snacks/Treats,Because Animals,Because Animals,"total calories: 3404kcal, thiaminevitaminb1(g/mg): 3.4mg, riboflavinvitaminb2(g/mg): 6.7mg, folic acidvitaminb9(g/mg): 0.6mg, crudefat: 4%, crudeprotein: 10%, moisture: 9%, crudefiber: 2%",,3404.0,,,,4,2,10,9,,3404
28,4760696,Halo Wild Salmon And Venison Recipe Small Breed Canned Dog,Halo,2018-01-01,United States,Pet Food,Dog Food - Wet,Halo,Halo,"total calories: 1166kcal, moisture: 78%, crudefiber: 2%, crudefat: 7%, crudeprotein: 8.5%",,1166.0,,,,7,2,8.5,78,,1166
29,4626089,Purina Beneful Incredibites Just For Small Dogs With Real Beef,Purina Beneful,2018-01-02,United States,Pet Food,Dog Food - Dry,Nestle Purina,Nestle,"total calories: 3623kcal, vitaminamg: 12500iu, selenium(g/mg): 0.2mg, vitaminemg: 150iu, moisture: 14%, crudeprotein: 27%, crudefat: 13.5%, crudefiber: 4%",,3623.0,,,,13.5,4,27,14,,3623
30,6623241,9lives Indoor Complete Dry Cat Food With Chicken and Salmon Flavors,9lives,2020-01-07,United States,Pet Food,Cat Food - Dry,Big Heart Pet Brands,The J M Smucker Company,"calcium: 1%, iron(g/mg): 180mg, crude protein: 30%, crude fiber: 4%, crude  fat: 9%, moisture: 12%, phosphorus: 0.8%, selenium(g/mg): 0.4mg, vitamin  e(g/mg): 100iu, taurine: 0.1%",,,,,,9,4,30,12,,
31,7385410,Purina Pro Plan Sport Performance 30 20 Salmon And Cod Dry Dog Food,Pro Plan,2021-01-06,United States,Pet Food,Dog Food - Dry,Nestle Purina,Nestle,"calcium: 1.1%, vitamin  a(g/mg): 15000iu, vitamin c (g/mg): 100mg, moisture: 12%, crude protein: 30%, crude fat: 20%, crude fiber: 3%, linoleic acid: 1.8%, eicosapentaenoic acid  (epa): 0.12%, docosahexaenoicacid (dha): 0.12%, phosphorus(p): 0.9%, selenium(se)(g/mg): 0.35mg, vitamin  e(g/mg): 500iu, glucosamine(g/mg): 500ppm, omega 6 fatty acids: 1.9%, bacilluscoagulans(g/mg): 600million cfu",,,,,,20,3,30,12,,
32,5665722,Merrick Grain Free Real Chicken And Sweet Potato Recipe Senior Dry Dog Food,Merrick,2019-01-04,United States,Pet Food,Dog Food - Dry,Merrick Pet Care,Nestle,"total calories: 3477kcal, chondroitinsulfate(g/mg): 1200mg, glucosamine(g/mg): 1200mg, l-carnitine(g/mg): 200mg, bacilliuscoagulans(g/mg): 90million cfu, crudefat: 12%, crudefiber: 3.5%, crudeprotein: 32%, moisture: 11%, omega-3fattyacid: 0.4%, omega-6fattyacid: 4.8%",,3477.0,,,,4.8,3.5,32,11,,3477
33,5247940,Sport Dog Food Elite Series Sled Dog Buffalo And Sweet Potato Dry Dog Food,Sport Dog Food,2018-01-07,United States,Pet Food,Dog Food - Dry,Sport Dog Food,Sport Dog Food,"total calories: 3846kcal, crudefat: 20%, moisture: 9%, crudeprotein: 30%, crudefiber: 3.2%",,3846.0,,,,20,3.2,30,9,,3846
34,8286556,Purina Beneful Incredibites Dry Pet Food With Farm Raised Beef For Small Dogs,Purina Beneful,2022-01-10,United States,Pet Food,Dog Food - Dry,Nestle Purina,Nestle,"per serving size: 1kg, total calories: 3682.0kcal, calcium: 1.10%, crudef iber: 4.0%, vitamin   a(g/mg): 12500.0iu, crudef at: 13.50%, c rude protein: 26.0%, moisture: 12.0%, selenium (g/mg): 0.350mg, vitamin e(g/mg): 150.0iu",100.0,368.2,,,,,,26.0,12.0,,3682.0
35,5251629,Sport Dog Food Active Series Dock Dog Buffalo And Oatmeal Formula Pea Free Dry Dog Food,Sport Dog Food,2018-01-08,United States,Pet Food,Dog Food - Dry,Sport Dog Food,Sport Dog Food,"moisture: 9%, total calories: 3595kcal, crudeprotein: 30%, crudefat: 15%, crudefiber: 3.3%",,3595.0,,,,15,3.3,30,9,,3595
36,7809261,Purina Pro Plan Performance 30 By 17 Chicken And Rice Formula Dry Pet Food For Adult Dogs 7 Years And Older,Pro Plan,2022-01-02,United States,Pet Food,Dog Food - Dry,Nestle Purina,Nestle,"per serving size: 1kg, total calories: 4091kcal, calcium: 1.0%, vitamin   a(g/mg): 14000iu, vitamin c (g/mg): 100mg, crude fat: 17.0%, crude fiber: 3.0%, eicosapentaenoic acid (epa): 0.150%, glucosamine(g/mg): 500.0ppm, pyridoxine(g/mg): 3.0mg, vitamin  e(g/mg): 500.0iu, arginine: 1.2%, crude protein: 30.0%, docosahexaenoic acid (dha): 0.150%, folic acid(g/mg): 0.60mg, linoleic acid: 1.80%, moisture: 12.0%, omega - 3 fatty acids: 0.50%, omega-6 fatty  acids: 1.90%, phosphorus: 0.80%, selenium (g/mg): 0.350mg",100.0,409.1,,,,17.0,3.0,30.0,12.0,,4091
37,5247604,Sport Dog Food Elite Series Herding Dog Buffalo And Sweet Potato Formula Grain Free Pea Free Dry Dog Food,Sport Dog Food,2018-01-07,United States,Pet Food,Dog Food - Dry,Sport Dog Food,Sport Dog Food,"total calories: 3595kcal, crudefat: 15%, crudeprotein: 30%, crudefiber: 3.3%, moisture: 9%",,3595.0,,,,15,3.3,30,9,,3595
38,4511506,Purina Bella Pampered Meals Inspired By Small Dogs With Lamb In Savory Juices,Bella,2018-01-02,United States,Pet Food,Dog Food - Wet,Nestle Purina,Nestle,"total calories: 922kcal, moisture: 82%, crudeprotein: 8%, crudefat: 3.5%, crudefiber: 1%",,922.0,,,,3.5,1,8,82,,922
39,7955574,Hills Prescription Diet Metabolic Plus Urinary Vegetables And Chicken Stew Wet Pet Food For Cats,Prescription Diet,2022-01-04,United States,Pet Food,Cat Food - Wet,Hills Pet Nutrition,Colgate Palmolive,"total carbohydrates: 0g,     per serving size: 100g, total calories: 60kcal, protein: 38.20%, calcium: 0.750%, fat: 14.30%, potassium: 0.960%, sodium: 0.430%, vitamin c (g/mg): 17.0ppm, crude fiber: 10.8%, phosphorus: 0.66%, magnesium: 0.078%, taurine: 0.44%, vitamin  e(g/mg): 585iu, totalomega3fattyacid: 1.44%, totalomega6fattyacid: 3.37%",100.0,60.0,,,,3.37,10.8,38.20,,,60
40,4744483,Iams Proactive Health Mature Adult Cat Food With Chicken,Iams,2018-01-01,United States,Pet Food,Cat Food - Dry,Mars,Mars,"taurine: 0.15%, omega-6fattyacids: 1.74%, omega-3fattyacids: 0.17%, crudefat: 13%, total calories: 3604kcal, vitaminemg: 250iu, l-carnitine(g/mg): 80mg, crudeprotein: 32%, crudefiber: 3%, moisture: 10%, sodium carbonate (ash): 7%, magnesium: 0.1%",,3604.0,,,,13,3,32,10,7,3604
41,7509398,Dr Elseys Cleanprotein Duck Recipe Grain Free Dry Cat Food,Cleanprotein,2021-01-10,United States,Pet Food,Cat Food - Dry,Dr Elseys,Dr Elseys,"per serving size: 1kg, energy kj: 16966.12kj, energy kcal: 4055kcal, crude fat: 18%, crude fiber: 4%, crude protein: 58%, docosahexaenoic acid (dha): 0.06%, eicosapentaenoic acid (epa): 0.06%, moisture: 12%, vitamin  e(g/mg): 150iu, omega 3  fatty acids: 1%",100.0,405.5,,,,18,4,58,12,,
42,5247639,Sport Dog Food K 9 Series Police K 9 Chicken And Fish Formula Pea Free Dry Dog Food,Sport Dog Food,2018-01-07,United States,Pet Food,Dog Food - Dry,Sport Dog Food,Sport Dog Food,"total calories: 3718kcal, moisture: 9%, crudeprotein: 26%, crudefat: 19%, crudefiber: 3.4%",,3718.0,,,,19,3.4,26,9,,3718
43,6210657,Just Food For Dogs Lamb And Brown Rice Recipe Dog Food,Just Food For Dogs,2019-01-11,United States,Pet Food,Dog Food - Wet,Just Food For Dogs,Just Food For Dogs,"serving size: 1kg, energy(kj): 4870kj, energy(kcal): 1164kcal, crudefat: 4.00%, crudeprotein: 6.00%, crudefiber: 1.50%, moisture: 75.00%",1000.0,116400.0,,,,4.00,1.50,6.00,75.00,,
44,6926817,Dr Harveys Specialty Diet Healthy Weight Naturally Boosts Canine Metabolism Beef Recipe Food For Adult Dogs,Dr Harveys,2020-01-12,United States,Pet Food,Dog Food - Dry,Dr Harveys,Dr Harveys,"crudeprotein: 19%, crude fat: 9%, crude fiber: 8%, moisture: 11%",,,,,,9,8,19,11,,
45,6143025,Wolf Spring Weight Management Canine Water,Wolf Spring,2019-01-10,United States,Pet Food,Dog Food - Wet,Wolf Spring,Wolf Spring,,,,,,,,,,,,
46,8089912,Iams Proactive Health Healthy Premium Adult Cat Nutrition With Salmon,Iams,2022-01-06,United States,Pet Food,Cat Food - Dry,Mars,Mars,"serving size: 1.00kg, total calories: 3722.00kcal, potassium: 0.70%, crude fiber: 3.00%, calcium: 0.80%, lcanitine: 80.00mg, crudefat: 15.00%, crudeprotein: 32.00%, moisture: 10.00%, taurine: 0.15%, omega3fattyacids: 0.20%, omega6fattyacids: 2.00%",1000.0,372200.0,,,,2.00,3.00,32.00,10.00,,3722.00
47,7040140,Purina Bella Morsels In Sauce Filet Mignon Flavor With Carrots And Spinach Natural Dog Food,Bella,2020-01-12,United States,Pet Food,Dog Food - Wet,Nestle Purina,Nestle,"total calories: 990kcal, moisture: 78%, crude protein: 11%, crude fat: 2%, crude fiber: 1%",,990.0,,,,2,1,11,78,,990
48,5132832,Annamaet Re-Juvenate Grain Free Senior Formula Dog Food,Annamaet Dog Food,2018-01-06,United States,Pet Food,Dog Food - Dry,Annamaet Petfoods,Annamaet Petfoods,"total calories: 3450kcal, l-carnitin(g/mg): 35mg, crudeprotein: 33%, crudefat: 12%, crudefiber: 4%, moisture: 10%, sodium carbonate (ash): 7%, dha: 0.2%, mct: 3%, omega6fattyacids: 3.25%, omega3fattyacids: 1%",,3450.0,,,,1,4,33,10,7,3450
49,7636973,Purina Pro Plan All Ages Sport Performance 30 Over 20 Beef And Rice Formula For Canine Athletes,Pro Plan,2021-01-11,United States,Pet Food,Dog Food - Dry,Nestle Purina,Nestle,"per serving size: 1kg, total calories: 4397kcal, calcium: 1.1%, vitamin   a(g/mg): 15000iu, vitamin c (g/mg): 100mg, crude fat: 20%, crude fiber: 3%, crude protein: 30%, moisture: 12%, linoleic acid: 1.8%, eicosapentaenoic acid (epa): 0.12%, docosahexaenoic acid (dha): 0.12%, phosphorus: 0.9%, selenium(se)(g/mg): 0.35mg, vitamin  e(g/mg): 500iu, glucosamine(g/mg): 500ppm, omega 6 fatty acids: 1.9%, bacilluscoagulans(g/mg): 600million cfu",100.0,439.7,,,,20,3,30,12,,4397
50,7990305,4health Special Care Weight Management Formula For Adult Cats,4health,2022-01-05,United States,Pet Food,Cat Food - Wet,Tractor Supply Company,Tractor Supply Company,"per serving size: 1kg, total calories: 940.0kcal, vitamin  a(g/mg): 10000.0iu, crude fat: 3.0%, crude fiber: 1.50%, crude protein: 8.0%, l-carnitineÂ (g/mg): 40.0mg, moisture: 80.0%, vitaminb12(g/mg): 0.00050mg",100.0,94.0,,,,3.0,1.50,8.0,80.0,,940.0
51,7810993,"Purina Pro Plan Performance 30 By 20 Turkey, Duck And Quail Formula Dry Pet Food For Canine Athletes",Pro Plan,2022-01-03,United States,Pet Food,Dog Food - Dry,Nestle Purina,Nestle,"serving size: 1kg, total calories: 4304kcal, crude protein : 30.0%, crude fat : 20.0%, crude fiber : 3.0%, moisture : 12.0%, linoleic acid: 1.8%, eicosapentaenoic acid (epa) : 0.12%, docosahexaenoic acid (dha) : 0.12%, calcium : 1.1%, phosphorus : 0.9%, selenium : 0.35mg, vitamin a: 15000iu, vitamin e : 500iu, ascorbic acid (vitamin c): 100mg, glucosamine: 500ppm, omega-6 fatty acids: 1.9%, bacillus coagulans: 600million cfu",1000.0,430400.0,,,,20.0,3.0,30.0,12.0,,4304
52,5800350,Purina Pro Plan Focus Healthy Metabolism Formula Chicken Entree In Gravy For Spayed And Neutered Cats,Pro Plan,2019-01-04,United States,Pet Food,Cat Food - Wet,Nestle Purina,Nestle,"l-carnitine(g/mg): 40mg, sodium carbonate (ash): 3%, crudefat: 2%, crudefiber: 1.5%, crudeprotein: 11%, moisture: 80%, taurine: 0.05%",,,,,,2,1.5,11,80,3,
53,7256927,Because Animals Pumpkin Noochies Organic Dog Cookies With Immune Support,Because Animals,2021-01-05,United States,Pet Food,Dog Snacks/Treats,Because Animals,Because Animals,"per serving size: 1kg, sodium carbonate (ash): 3.5%, crude fat: 1.5%, crude fiber: 2.5%, crude protein: 9.9%, moisture: 6.5%, total calories: 3280kcal, yeast beta glucan(g/mg): 5.5mg",100.0,328.0,,,,1.5,2.5,9.9,6.5,3.5,3280
54,6379123,Campfire Turkey Gizzards Natural Dog Treats,Campfire,2020-01-01,United States,Pet Food,Dog Snacks/Treats,Campfire Treats,Campfire Treats,"serving size: 1kg, energy(kj): 14518kj, energy(kcal): 3470kcal, crudefiber: 0.50%, crudeprotein: 77.00%, moisture: 11.00%, crudefat: 9.00%",1000.0,347000.0,,,,9.00,0.50,77.00,11.00,,
55,6689124,Victor Classic Crunchy Dog Treats With Turkey Meal,Victor,2020-01-06,United States,Pet Food,Dog Snacks/Treats,Mid America Pet Food,Mid America Pet Food,"crudeprotein: 16%, moisture: 10%, crudefae: 6%, crudefiber: 5%",,,,,,,5,16,10,,
56,7509112,Dr Elseys Cleanprotein Rabbit Recipe Grain Free Dry Cat Food,Dr Elseys,2021-01-10,United States,Pet Food,Cat Food - Dry,Dr Elseys,Dr Elseys,"per serving size: 1kg, energy kj: 16694.16kj, energy kcal: 3990kcal, crude fat: 18%, crude fiber: 4%, crude protein: 58%, eicosapentaenoic acid (epa): 0.06%, moisture: 12%, vitamin  e(g/mg): 150iu, docosapentaenoic acid (dha): 0.06%, omega 3  fatty acids: 1%",100.0,399.0,,,,18,4,58,12,,
57,4511470,Purina Bella Pampered Meals Inspired By Small Dogs With Beef And Smoked Bacon In Savory Juices,Bella,2018-01-02,United States,Pet Food,Dog Food - Wet,Nestle Purina,Nestle,"total calories: 925kcal, moisture: 82%, crudeprotein: 7.5%, crudefat: 3.5%, crudefiber: 1%",,925.0,,,,3.5,1,7.5,82,,925
58,7385428,Purina Pro Plan Sport Performance 30 20 Beef And Bison Formula Dry Dog Food,Pro Plan,2021-01-07,United States,Pet Food,Dog Food - Dry,Nestle Purina,Nestle,"per serving size: 1kg, vitamin   a(g/mg): 15000iu, calcium: 1.1%, bacilluscoagulans(g/mg): 600million cfu, crude fat: 20%, crude fiber: 3%, crude protein: 30%, dha: 0.12%, glucosamine(g/mg): 500ppm, linoleic acid: 1.8%, moisture: 12%, omega 6 fatty acids: 1.9%, phosphorus(p): 0.9%, vitamin c (g/mg): 100mg, vitamin  e(g/mg): 500iu, selenium(se)(g/mg): 0.35mg, eicospanetanoic acid: 0.12%",100.0,,,,,20,3,30,12,,
59,5247627,Sport Dog Food Elite Series Sporting Dog Whitefish Formula Grain Free Pea Free Dry Dog Food,Sport Dog Food,2018-01-07,United States,Pet Food,Dog Food - Dry,Sport Dog Food,Sport Dog Food,"total calories: 3863kcal, moisture: 9%, crudeprotein: 27%, crudefat: 16%, crudefiber: 3.9%",,3863.0,,,,16,3.9,27,9,,3863
60,6689105,Victor Classic Crunchy Dog Treats With Chicken Meal,Victor,2020-01-06,United States,Pet Food,Dog Snacks/Treats,Mid America Pet Food,Mid America Pet Food,"crudeprotein: 16%, moisture: 10%, crudefat: 6%, crudefiber: 5%",,,,,,6,5,16,10,,
61,7040110,Purina Bella Morsels In Sauce Prime Rib Flavor With Carrots And Potatoes Natural Dog Food,Bella,2020-01-12,United States,Pet Food,Dog Food - Wet,Nestle Purina,Nestle,"total calories: 986kcal, crude protein: 11%, crude fat: 2%, crude fiber: 1%, moisture: 78%",,986.0,,,,2,1,11,78,,986
62,7128915,Annamaet Salcha Grain Free Poultry Formula Canine Adult Dog Treats,Annamaet,2021-01-01,United States,Pet Food,Dog Snacks/Treats,Annamaet Petfoods,Annamaet Petfoods,": , crude protein: , min: 30.1%, crude fat: , min: 16.0%, crude fiber: , max:3.5%, moisture: , max:10%, sodium carbonate (ash): , max:7.5%, dha: , min: 0.2%, omega 6 fatty acids: , min: 3.5%, omega3 fattyacids: , min: 1.0%, l- carnitine: , min(g/mg): 35mg, metabolizable energy(g/mg): 3980kcal",,,,,,,,,,,
63,8043343,Iams Proactive Health Healthy Adult Cat Food With Chicken,Iams,2022-01-06,United States,Pet Food,Cat Food - Dry,Mars,Mars,"serving size: 1.00kg, total calories: 3746kcal, potassium: 0.70%, crude fiber: 3.00%, calcium: 0.80%, lcarnitine: 80.00mg, crudefat: 15.00%, crudeprotein: 32.00%, moisture: 10.00%, taurine: 0.15%, omega3fattyacids: 0.30%, omega6fattyacids: 3.00%",1000.0,374600.0,,,,3.00,3.00,32.00,10.00,,3746
64,5538336,Halo Grain Free Holistic Wild Salmon And Whitefish Recipe Dry Pet Food For Small Breed Dogs,Halo,2019-01-01,United States,Pet Food,Dog Food - Dry,Halo,Halo,,,,,,,,,,,,
65,5132787,Annamaet Ohana Grain Free Puppy Formula Dog Food,Annamaet Dog Food,2018-01-06,United States,Pet Food,Dog Food - Dry,Annamaet Petfoods,Annamaet Petfoods,"crudefiber: 3.5%, crudefat: 16%, crudeprotein: 30%, dha: 0.2%, omega3fattyacids: 1%, omega6fattyacids: 3.25%, total calories: 4122kcal, l-carnitine(g/mg): 35mg, sodium carbonate (ash): 7.5%, moisture: 10%",,4122.0,,,,3.25,3.5,30,10,7.5,4122
66,7955743,Hills Prescription Diet Cd Multicare Stress Plus Metabolic Dry Pet Food With Chicken Flavor For Cats,Prescription Diet,2022-01-05,United States,Pet Food,Cat Food - Dry,Hills Pet Nutrition,Colgate Palmolive,"serving size: 1.00kg, total calories: 3242kcal, fat: 12.00%, sodium: 0.35%, potassium: 0.86%, carbohydrate: 30.90%, protein: 38.60%, calcium: 0.69%, vitamine: 726.00iu, phosphorus: 0.61%, taurine: 0.43%, totalomega3fattyacids: 1.34%, totalomega6fattyacids: 3.49%, crudefiber: 13.30%, magnesium: 0.073%, vitamin c: 5ppm",1000.0,324200.0,0.0,0.0,,3.49,13.30,38.60,,,3242
67,7686285,Iams Proactive Health Weight And Hairball Care With Chicken And Turkey Dry Pet Food For Indoor Adult Cats,Iams,2021-01-12,United States,Pet Food,Cat Food - Dry,Mars,Mars,"per serving size: 1.0kg, total calories: 3364.0kcal, calcium: 0.750%, potassium: 0.650%, crude fat: 11.0%, crude fiber: 8.30%, l- carnitine(g/mg): 80.0mg, crude protein: 30.0%, moisture: 10.0%, omega6 fatty acid: 2.0%, phosphorus: 0.650%, taurine: 0.130%, omega 3  fatty acid: 0.20%",100.0,336.4,,,,11.0,8.30,30.0,10.0,,3364.0
68,7385385,"Purina Pro Plan Sport Performance Turkey, Duck And Quail Formula Dry Dog Food",Pro Plan,2021-01-06,United States,Pet Food,Dog Food - Dry,Nestle Purina,Nestle,"calcium: 1.10%, vitamin  a(g/mg): 15000.0iu, vitamin c (g/mg): 100.0mg, crude fat: 20.0%, crude fiber: 3.0%, eicosapentaenoic acid  (epa): 0.120%, glucosamine(g/mg): 500.0ppm, phosphorus(p): 0.90%, selenium(se)(g/mg): 0.350mg, vitamin  e(g/mg): 500.0iu, bacillus coagulans(g/mg): 600.0million cfu, crude protein: 30.0%, docosahexaenoicacid (dha): 0.120%, linoleic acid: 1.80%, moisture: 12.0%, omega 6 fatty acids: 1.9%",,,,,,20.0,3.0,30.0,12.0,,
69,5539187,"Purina Bella Grain Free Pate With Beef, Peas And Carrots In Savory Juices Natural Dog Food",Bella,2019-01-01,United States,Pet Food,Dog Food - Wet,Nestle Purina,Nestle,"total calories: 904kcal, moisture: 82%, crudeprotein: 8%, crudefat: 3.5%, crudefiber: 1%",,904.0,,,,3.5,1,8,82,,904
70,4974684,"Pureluxe Grain Free Holistic Elite Nutrition For Senior, Less Active And Overweight Cats Made With Turkey, Turkey Meal And Salmon",Pureluxe,2018-01-04,United States,Pet Food,Cat Food - Dry,Pureluxe,Pureluxe,"crudeprotein: 32%, crudefat: 12%, crudefiber: 5%, moisture: 10%, sodium carbonate (ash): 8%, calcium: 1.2%, phosphorus: 1%, magnesium: 0.15%, epa: 0.08%, totallactic acidmicroorganisms(g/mg): 80million cfu, vitaminemg: 80iu, glucosamine(g/mg): 700mg, omega-6fattyacids: 3%, omega-3fattyacids: 1%, dha: 0.12%, taurine(g/mg): 1200mg, l-carnitine(g/mg): 140mg, chondroitin(g/mg): 600mg",,,,,,1,5,32,10,8,
71,8163877,Victor Classic Hi Pro Strips Tender Beef Savory Treat For Dogs,Victor,2022-01-08,United States,Pet Food,Dog Snacks/Treats,Mid America Pet Food,Mid America Pet Food,"total carbohydrates: 0g,     per serving size: 1.0kg, total calories: 3025kcal, protein: 20%, crudef iber: 4%, fat: 7%, crud eprotein: 20%, crud efat: 7%, moisture: 28.0%",100.0,302.5,,,,7,,20,28.0,,3025
72,7128826,Annamaet Aqualuk Grain Free Cold Water Formula Canine Treats,Annamaet,2021-01-01,United States,Pet Food,Dog Snacks/Treats,Annamaet Petfoods,Annamaet Petfoods,,,,,,,,,,,,
73,7976217,Hills Prescription Diet Multi Benefit Wd Dry Pet Food With Chicken Flavor For Dogs,Prescription Diet,2022-01-04,United States,Pet Food,Dog Food - Dry,Hills Pet Nutrition,Colgate Palmolive,"serving size: 1kg, total calories: 3100kcal, fat: 13.00%, protein: 20.70%, carbohydrate / nfe: 45.20%, crude fiber: 16.00%, total dietary fiber: 27.60%, soluble fiber: 1.90%, insoluble fiber: 25.50%, calcium: 0.80%, phosphorus: 0.66%, potassium: 0.78%, sodium: 0.27%, magnesium: 0.09%, vitamin c: 140.00ppm, vitamin e: 682.00iu, total omega-3 fa: 0.35%, total omega-6 fa: 3.02%, carnitine: 515.80ppm",1000.0,310000.0,0.0,0.0,,13.00,25.50,20.70,,,3100
74,7509312,Dr Elseys Cleanprotein Turkey Recipe Grain Free Dry Cat Food,Dr Elseys,2021-01-10,United States,Pet Food,Cat Food - Dry,Dr Elseys,Dr Elseys,"per serving size: 1kg, energy kj: 17091.64kj, energy kcal: 4085kcal, crude fat: 18%, crude fiber: 4%, crude protein: 58%, docosahexaenoic acid (dha): 0.06%, eicosapentaenoic acid (epa): 0.06%, moisture: 12%, vitamin  e(g/mg): 150iu, omega 3  fatty acids: 1%",100.0,408.5,,,,18,4,58,12,,
75,4708577,Wholehearted Healthy Benefits Weight Control Dog Food With Lamb Meal And Pea Recipe,Instant Ocean,2018-01-01,United States,Pet Food,Dog Food - Dry,Spectrum Brands,Spectrum Brands,"zinc(g/mg): 150mg, selenium(g/mg): 0.3mg, l-carnitine(g/mg): 50mg, glucosamine(g/mg): 50mg, chondroitinsulfate(g/mg): 100mg, totalmicroorganisms(g/mg): 1million cfu, crudeprotein: 22%, crudefat: 6%, crudefiber: 10%, moisture: 10%, omega6fattyacids: 2%, omega3fattyacids: 0.4%",,,,,,0.4,10,22,10,,
76,7964507,Hills Prescription Diet Weight Reduction Rd Dry Pet Food With Chicken Flavor For Cats,Prescription Diet,2022-01-05,United States,Pet Food,Cat Food - Dry,Hills Pet Nutrition,Colgate Palmolive,"serving size: 1.00kg, total calories: 3018.00kcal, fat: 8.70%, sodium: 0.33%, potassium: 0.78%, carbohydrate: 35.40%, crude fiber: 14.20%, protein: 35.50%, calcium: 0.99%, vitamin e: 607.00iu, carnitine: 535.40ppm, phosphorus: 0.73%, magnesium: 0.072%, taurine: 0.34%, vitamin c: 125.00ppm",1000.0,301800.0,0.0,0.0,,8.70,14.20,35.50,,,3018.00
77,5608862,Halo Holistic Healthy Weight Grain Free Chicken And Chicken Liver Recipe For Indoor Cats,Halo,2019-01-02,United States,Pet Food,Cat Food - Dry,Halo,Halo,"total calories: 3610kcal, vitaminemg: 200iu, sodium carbonate (ash): 7.5%, crudeprotein: 32%, crudefat: 13%, crudefiber: 5%, moisture: 10%, taurine: 0.1%, omega6fattyacids: 3%, omega3fattyacids: 1%",,3610.0,,,,1,5,32,10,7.5,3610
78,5538424,Purina Pro Plan Simply Fit Patented Weight Loss System Adult Dry Dog Food,Pro Plan,2019-01-01,United States,Pet Food,Dog Food - Dry,Nestle Purina,Nestle,"total calories: 3930kcal, vitaminamg: 15000iu, vitamincmg: 70mg, selenium(g/mg): 0.35mg, vitaminemg: 460iu, glucosamine(g/mg): 400ppm, calcium: 0.9%, moisture: 12%, crudeprotein: 28%, crudefat: 18%, crudefiber: 3%, linoleic acid: 1.3%, phosphorus(p): 0.7%",,3930.0,,,,18,3,28,12,,3930
79,5326620,Sport Dog Food Active Series Field Dog Chicken And Sweet Potato Formula Dry Dog Food,Sport Dog Food,2018-01-10,United States,Pet Food,Dog Food - Dry,Sport Dog Food,Sport Dog Food,"total calories: 3413kcal, crudefat: 14%, crudefiber: 3.5%, moisture: 9%, crudeprotein: 29%",,3413.0,,,,14,3.5,29,9,,3413
80,7286804,Pure Balance Pro Plus Pate Chicken And Fish Formula Healthy Weight Food For Cats,Pure Balance,2021-01-05,United States,Pet Food,Cat Food - Wet,Walmart,Walmart,"per serving size: 1kg, crude fat: 4.0%, crude fiber: 3.0%, crude protein: 9.0%, docosahexaenoic acid (dha): 0%, l- carnitine(g/mg): 50mg, moisture: 78.0%, omega 6 fatty acids: 0.5%, taurine: 0.07%, vitamin c (g/mg): 50mg, vitamin  e(g/mg): 100iu, zinc(g/mg): 50mg, omega 3  fatty acids: 0.1%",100.0,,,,,4.0,3.0,9.0,78.0,,
81,4760916,Get Naked Weight Management All Natural Functional Soft Treats For Dogs,Get Naked,2018-01-01,United States,Pet Food,Dog Snacks/Treats,Natural Polymer International Corporation,Natural Polymer International Corporation,"total calories: 3050kcal, sodium: 0.6%, crudeprotein: 20%, crudefat: 6%, crudefiber: 8%, moisture: 19%, l-carnitine: 0.1%",,3050.0,,,,6,8,20,19,,3050
82,7421348,Stashios Soft Chews Plus Hip And Joint Support For Dogs,Stashios,2021-01-07,United States,Pet Food,Dog Snacks/Treats,Stashios,Stashios,"per serving size: 1kg, total calories: 3076kcal, chondroitinsulfate(g/mg): 800mg, glucosamine(g/mg): 800mg, l-carnitine(g/mg): 50mg, vitamincmg: 180mg, crudefat: 6%, crudefiber: 7%, crudeprotein: 13%, moisture: 25%",100.0,307600.0,,,,6,7,13,25,,3076
83,7683077,Optimeal Weight Management Turkey And Oatmeal Recipe Super Premium Food For Adult Cats,Optimeal,2022-01-02,United States,Pet Food,Cat Food - Dry,Kormotech,Kormotech,"serving size: 1.00kg, total calories: 3358.00kcal, vitamin a: 14890.00iu, vitamin c (ascorbic acid): 160.00mg, crude protein : 31.00%, crude fat: 10.00%, crude fiber: 8.75%, moisture : 8.00%, zinc : 126.00mg, copper : 10.90mg, selenium: 0.34mg, vitamin e: 355.00iu, taurine : 0.19%, l carnitine : 160.00mg, omega 3 fatty acids: 0.45%, omega 6 fatty acids: 1.95%",1000.0,335800.0,,,,10.00,8.75,31.00,8.00,,3358.00
84,5614074,Halo Holistic Wild Salmon And Whitefish Recipe For Kittens,Halo,2019-01-02,United States,Pet Food,Cat Food - Dry,Halo,Halo,"total calories: 3870kcal, vitaminemg: 250iu, omega6fattyacids: 3.3%, omega3fattyacids: 1.1%, crudeprotein: 33%, crudefat: 19%, crudefiber: 5%, moisture: 10%, sodium carbonate (ash): 8%, docosahexaenoicacid(dha): 10%, taurine: 10%",,3870.0,,,,19,5,33,10,8,3870
85,7964882,Hills Prescription Diet Metabolic Weight Management Dry Pet Food With Chicken Flavor For Cats,Prescription Diet,2022-01-05,United States,Pet Food,Cat Food - Dry,Hills Pet Nutrition,Colgate Palmolive,"serving size: 1.00kg, total calories: 3381.00kcal, fat: 13.00%, sodium: 0.32%, potassium: 0.73%, carbohydrate: 32.40%, crude fiber: 9.80%, protein: 38.40%, calcium: 1.01%, vitamin c: 153.00ppm, vitamine: 993.00iu, magnesium: 0.09%, phosphorus: 0.80%, taurine: 0.37%, carnitine: 993.70ppm",1000.0,338100.0,0.0,0.0,,13.00,9.80,38.40,,,3381.00
86,5539198,"Purina Bella Grain Free Pate With Lamb, Peas And Sweet Potatoes Natural Dog Food",Bella,2019-01-01,United States,Pet Food,Dog Food - Wet,Nestle Purina,Nestle,"crudeprotein: 7%, crudefat: 3.5%, crudefiber: 1%, moisture: 82%, total calories: 971kcal",,971.0,,,,3.5,1,7,82,,971
87,7128868,Annamaet Lean Grain Free Low Fat Formula Canine Adult Dog Treats,Annamaet,2021-01-01,United States,Pet Food,Dog Snacks/Treats,Annamaet Petfoods,Annamaet Petfoods,": , crude protein: , min: 30%, crude fat: , min: 7%, crude fat: , max:9%, crude fiber: , max:3.5%, moisture: , max:10%, sodium carbonate (ash): , max:7.5%, omega 6 fatty acids min: 2%, omega 3 fatty acids min: 0.6%, dha min: 0.2%, l-carnitine min(g/mg): 35mg, metabolizable energy(g/mg): 3242kcal",,,,,,,,,,,
88,8239218,Bark Itty Bitty Chicky Farm Raised Chicken And Rice Recipe For Small Adult Dogs,Bark,2022-01-09,United States,Pet Food,Dog Food - Dry,Barkbox,Barkbox,"serving size: 1kg, total calories: 3640kcal, crude fiber: 3.5%, crude protein: 26%, crude fat: 14%, moisture: 0.0%, vitamin e: 250iu, ascorbic acid (vitamin c): 100mg, l-carnitine: 50mg, glucosamine: 400mg, chondroitin sulfate: 200mg, selenium: 0.35mg, taurine: 0.15%, omega 6 fatty acids: 2.6%, omega3 fatty acids: 0.75%",1000.0,364000.0,,,,14,3.5,26,0.0,,3640
89,6688847,Victor Classic Crunchy Dog Treats With Lamb Meal,Victor,2020-01-06,United States,Pet Food,Dog Snacks/Treats,Mid America Pet Food,Mid America Pet Food,"crudeprotein: 14%, moisture: 10%, crudefat: 6%, crudefiber: 5%",,,,,,6,5,14,10,,
90,6624079,Rachael Ray Nutrish Super Medleys Vitality Blend Real Superfoods And Beef Recipe For Dogs,Rachael Ray Nutrish,2020-01-06,United States,Pet Food,Dog Food - Dry,Ainsworth Pet Nutrition,The J M Smucker Company,"vitaminamg: 5000iu, calcium: 0.5%, crudeprotein: 26%, crudefiber: 4%, crudefat: 14%, epaanddha: 0.05%, omega3fattyacids: 100%, moisture: 10%, phosphorus: 0.4%, taurine: 0.25%",,,,,,100,4,26,10,,
91,7955634,Hills Prescription Diet Cd Multicare Plus Metabolic Vegetables And Tuna Stew Wet Pet Food For Cats,Prescription Diet,2022-01-04,United States,Pet Food,Cat Food - Wet,Hills Pet Nutrition,Colgate Palmolive,"total carbohydrates: 0g,     per serving size: 82.0g, total calories: 61.0kcal, protein: 39.30%, calcium: 0.710%, fat: 14.50%, potassium: 0.90%, sodium: 0.410%, vitamin c (g/mg): 18.0ppm, total omega 3 fatty acids: 1.56%, crude fiber: 9.5%, phosphorus: 0.63%, magnesium: 0.078%, taurine: 0.43%, vitamin  e(g/mg): 572iu, totalomega 6 fatty acids: 3.48%, carnitine(g/mg): 937.2ppm",100.0,74.39,,,,14.50,9.5,39.30,,,61.0
92,7292742,Jinx Chicken And Sweet Potato Jerky Recipe Dog Treats,Jinx,2021-01-05,United States,Pet Food,Dog Snacks/Treats,Jinx,Jinx,"per serving size: 1kg, crude fat: 3%, crude fiber: 5%, crude protein: 30%, moisture: 28%, total calories: 2806kcal",100.0,280.6,,,,3,5,30,28,,2806
93,5552135,Wellness Complete Health Deboned Chicken And Chicken Meal Recipe Grain Free Food For Senior Cats,Wellness,2019-01-01,United States,Pet Food,Cat Food - Dry,Wellpet,Wellpet,"chondroitinsulfate(g/mg): 300mg, vitaminamg: 25000iu, vitaminemg: 200iu, glucosamine(g/mg): 400mg, l-carnitine(g/mg): 150mg, totallactic acidmicroorganisms(g/mg): 80million cfu, omega-6fattyacids: 2.5%, omega-3fattyacids: 1%, crudeprotein: 39%, crudefat: 11%, crudefiber: 5%, moisture: 10%, calcium: 1.5%, phosphorus: 1%, taurine: 0.2%",,,,,,11,5,39,10,,
94,8163863,Victor Classic Hi Pro Bites Tender Beef Training Treats For Dogs,Victor,2022-01-08,United States,Pet Food,Dog Snacks/Treats,Mid America Pet Food,Mid America Pet Food,"total carbohydrates: 0g,     per serving size: 1.0kg, total calories: 3025kcal, protein: 20%, crudef iber: 4%, fat: 7.0%, crud eprotein: 20%, crud efat: 7%, moisture: 28.0%",100.0,302.5,,,,7,,20,28.0,,3025
95,7465654,Merrick Grain Free Senior Real Chicken Plus Sweet Potato Recipe Dry Dog Food,Merrick,2021-01-08,United States,Pet Food,Dog Food - Dry,Merrick Pet Care,Nestle,"per serving size: 1kg, total calories: 3492kcal, glucosamine(g/mg): 1200mg, lcarnitine(g/mg): 200mg, chondroitinsulfatemin(g/mg): 1200mg, crudeprotein(min): 30%, moisture(max): 11%, taurine(min): 0.17%, crudefat(min): 12%, crudefiber(max): 3.5%, omega6fattyacid(min.): 3%, omega3fattyacid(min): 0.3%",100.0,349200.0,,,,12,3.5,30,11,,3492
96,8279083,Fromm Family Gold Indoor Cat Food,Fromm Family,2022-01-10,United States,Pet Food,Cat Food - Dry,Fromm Family Foods,Fromm Family Foods,"per serving size: 1kg, total calories: 3602.0kcal, crudef iber: 5%, crudef at: 15%, c rude protein: 32%, mositure: 10%",100.0,360.2,,,,,,32,,,3602.0
97,7976278,Hills Prescription Diet Metabolic Plus Mobility Jd Dry Pet Food With Chicken Flavor For Dogs,Prescription Diet,2022-01-04,United States,Pet Food,Dog Food - Dry,Hills Pet Nutrition,Colgate Palmolive,"serving size: 1kg, total calories: 3223kcal, protein: 28.5%, fat: 13.9%, carbohydrate / nfe: 37.4%, crude fiber: 13.9%, calcium: 0.95%, phosphorus: 0.72%, potassium: 0.99%, sodium: 0.38%, magnesium: 0.151%, vitamin c: 113ppm, vitamin e: 981iu, total omega-3 fa: 3.63%, total omega-6 fa: 2.43%",1000.0,322300.0,,,,13.9,13.9,28.5,,,3223
98,7131140,Because Animals Noochies Organic Dog Cookies Dog Treats,Because Animals,2021-01-01,United States,Pet Food,Dog Snacks/Treats,Because Animals,Because Animals,"crude protein minimum: 10%, crude fat minimum: 4%, crude fiber maximum: 2%, moisturemaximum: 9%, thaiamine vitamin b1: 3.4mg, riboflavin viamin b2: 6.7mg, vitaminb9(folicacid)mg: 0.6mg",,,,,,4,2,10,9,,
99,6076916,Sheba Perfect Portions Tender Whitefish And Tuna Entree Premium Cat Food,Sheba,2019-01-09,United States,Pet Food,Cat Food - Wet,Mars,Mars,"total calories: 1010kcal, sodium carbonate (ash): 3.5%, crudeprotein: 7%, crudefat: 2.5%, crudefiber: 1.5%, moisture: 84%, taurine: 0.06%",,1010.0,,,,2.5,1.5,7,84,3.5,1010
100,7388124,"True Meals Multi Protein Recipe Made With Chicken, Fish, Beef And Vegetables Adult Dog Food",True Meals,2021-01-06,United States,Pet Food,Dog Food - Dry,Tyson Pet Products,Tyson Foods,"per serving size: 1kg, total calories: 3550kcal, l-carnitine(g/mg): 150mg, vitamincmg: 100mg, vitaminemg: 300iu, crudefat: 13%, crudefiber: 4%, crudeprotein: 23%, moisture: 12%, omega6fattyacids: 2.1%, taurine: 0.15%, omega3fattyacids: 0.75%",100.0,355000.0,,,,0.75,4,23,12,,3550
101,7673444,Optimeal Nutrient Balance Chicken And Rice Recipe Dry Pet Food For Large Breed Adult Dogs,Optimeal,2022-01-02,United States,Pet Food,Dog Food - Dry,Kormotech,Kormotech,"per serving size: 1kg, energy kj: 14526.85kj, energy kcal: 3472kcal, calcium: 0.9%, chondroitin sulfate(g/mg): 500mg, copper(g/mg): 8.4mg, crude fat: 12%, crude fiber: 5.5%, crude protein: 22%, glucosamine hydrochloride(g/mg): 700mg, l- carnitine(g/mg): 120mg, moisture: 10%, omega 6 fatty acids: 2.4%, phosphorus: 0.7%, selenium(g/mg): 0.41mg, taurine: 0.9%, vitamin   a(g/mg): 11990iu, vitamin  e(g/mg): 355iu, zinc(g/mg): 182mg, vitamin c (ascorbic acid)(g/mg): 192mg, omega 3  fatty acids: 0.68%",100.0,347.2,,,,12,5.5,22,10,,
102,7447266,Purina One Plus Ideal Weight High Protein Real Turkey Dry Cat Food,Purina One,2021-01-09,United States,Pet Food,Cat Food - Dry,Nestle Purina,Nestle,"per serving size: 1kg, total calories: 3704kcal, vitaminamg: 10000iu, l-carnitine(g/mg): 200mg, vitaminemg: 100iu, seleniumse(g/mg): 0.35mg, zinczn(g/mg): 150mg, crudefat: 9%, crudefiber: 5%, crudeprotein: 42%, linoleic acid: 1.5%, moisture: 12%, phosphorus(p): 0.9%, taurine: 0.15%, calcium(ca): 1%, carbohydrateplus: 29%, omega-6fattyacids: 1.7%",100.0,370400.0,,,,1.7,5,42,12,,3704
103,5954762,Purina Bella Natural Bites Dry Dog Food With Real Chicken And Beef And Accents Of Sweet Potatoes And Spinach,Bella,2019-01-07,United States,Pet Food,Dog Food - Dry,Nestle Purina,Nestle,"total calories: 3675kcal, vitaminamg: 13000iu, seleniumse(g/mg): 0.4mg, vitaminemg: 150iu, calcium: 1.1%, crudeprotein: 26%, crudefat: 15.5%, crudefiber: 4%, moisture: 12%, phosphorus: 0.95%",,3675.0,,,,15.5,4,26,12,,3675
